{"IcoMoonType":"selection","icons":[{"icon":{"paths":["M920.571 475.429c0 19.429-8 38.286-21.143 51.429l-372 372.571c-13.714 13.143-32.571 21.143-52 21.143s-38.286-8-51.429-21.143l-372-372.571c-13.714-13.143-21.714-32-21.714-51.429s8-38.286 21.714-52l42.286-42.857c13.714-13.143 32.571-21.143 52-21.143s38.286 8 51.429 21.143l168 168v-402.286c0-40 33.143-73.143 73.143-73.143h73.143c40 0 73.143 33.143 73.143 73.143v402.286l168-168c13.143-13.143 32-21.143 51.429-21.143s38.286 8 52 21.143l42.857 42.857c13.143 13.714 21.143 32.571 21.143 52z"],"width":950.8571428571428,"attrs":[],"isMulticolor":false,"isMulticolor2":false,"tags":["arrow-down"],"defaultCode":61539,"grid":14},"attrs":[],"properties":{"name":"arrow-down","id":0,"order":22,"prevSize":28,"code":61539},"setIdx":0,"setId":8,"iconIdx":0},{"icon":{"paths":["M731.429 530.286c0-10.286-8-18.286-18.286-18.286h-128v-201.143c0-9.714-8.571-18.286-18.286-18.286h-109.714c-9.714 0-18.286 8.571-18.286 18.286v201.143h-128c-10.286 0-18.286 8.571-18.286 18.286 0 4.571 1.714 9.714 5.143 13.143l201.143 201.143c3.429 3.429 8 5.143 13.143 5.143 4.571 0 9.714-1.714 13.143-5.143l200.571-200.571c3.429-4 5.714-8.571 5.714-13.714zM1097.143 658.286c0 121.143-98.286 219.429-219.429 219.429h-621.714c-141.143 0-256-114.857-256-256 0-99.429 57.714-189.714 147.429-231.429-0.571-8.571-1.143-16.571-1.143-24.571 0-161.714 130.857-292.571 292.571-292.571 118.857 0 225.714 72 270.857 181.714 26.286-22.857 60-35.429 94.857-35.429 80.571 0 146.286 65.714 146.286 146.286 0 28-8 55.429-23.429 78.857 99.429 23.429 169.714 112 169.714 213.714z"],"width":1097.142857142857,"attrs":[],"isMulticolor":false,"isMulticolor2":false,"tags":["cloud-download"],"defaultCode":61677,"grid":14},"attrs":[],"properties":{"name":"cloud-download","id":1,"order":23,"prevSize":28,"code":61677},"setIdx":0,"setId":8,"iconIdx":1},{"icon":{"paths":["M877.714 109.714v804.571c0 20-16.571 36.571-36.571 36.571h-292.571c-20 0-36.571-16.571-36.571-36.571v-804.571c0-20 16.571-36.571 36.571-36.571h292.571c20 0 36.571 16.571 36.571 36.571zM365.714 109.714v804.571c0 20-16.571 36.571-36.571 36.571h-292.571c-20 0-36.571-16.571-36.571-36.571v-804.571c0-20 16.571-36.571 36.571-36.571h292.571c20 0 36.571 16.571 36.571 36.571z"],"width":877.7142857142857,"attrs":[],"isMulticolor":false,"isMulticolor2":false,"tags":["pause"],"defaultCode":61516,"grid":14},"attrs":[],"properties":{"name":"pause","id":5,"order":24,"prevSize":28,"code":61516},"setIdx":0,"setId":8,"iconIdx":2},{"icon":{"paths":["M402.286 676.571v-329.143c0-10.286-8-18.286-18.286-18.286h-146.286c-10.286 0-18.286 8-18.286 18.286v329.143c0 10.286 8 18.286 18.286 18.286h146.286c10.286 0 18.286-8 18.286-18.286zM658.286 676.571v-329.143c0-10.286-8-18.286-18.286-18.286h-146.286c-10.286 0-18.286 8-18.286 18.286v329.143c0 10.286 8 18.286 18.286 18.286h146.286c10.286 0 18.286-8 18.286-18.286zM877.714 512c0 242.286-196.571 438.857-438.857 438.857s-438.857-196.571-438.857-438.857 196.571-438.857 438.857-438.857 438.857 196.571 438.857 438.857z"],"width":877.7142857142857,"attrs":[],"isMulticolor":false,"isMulticolor2":false,"tags":["pause-circle"],"defaultCode":62091,"grid":14},"attrs":[],"properties":{"name":"pause-circle","id":6,"order":25,"prevSize":28,"code":62091},"setIdx":0,"setId":8,"iconIdx":3},{"icon":{"paths":["M438.857 73.143c242.286 0 438.857 196.571 438.857 438.857s-196.571 438.857-438.857 438.857-438.857-196.571-438.857-438.857 196.571-438.857 438.857-438.857zM438.857 822.857c171.429 0 310.857-139.429 310.857-310.857s-139.429-310.857-310.857-310.857-310.857 139.429-310.857 310.857 139.429 310.857 310.857 310.857zM493.714 694.857c-10.286 0-18.286-8-18.286-18.286v-329.143c0-10.286 8-18.286 18.286-18.286h109.714c10.286 0 18.286 8 18.286 18.286v329.143c0 10.286-8 18.286-18.286 18.286h-109.714zM274.286 694.857c-10.286 0-18.286-8-18.286-18.286v-329.143c0-10.286 8-18.286 18.286-18.286h109.714c10.286 0 18.286 8 18.286 18.286v329.143c0 10.286-8 18.286-18.286 18.286h-109.714z"],"width":877.7142857142857,"attrs":[],"isMulticolor":false,"isMulticolor2":false,"tags":["pause-circle-o"],"defaultCode":62092,"grid":14},"attrs":[],"properties":{"name":"pause-circle-o","id":7,"order":26,"prevSize":28,"code":62092},"setIdx":0,"setId":8,"iconIdx":4},{"icon":{"paths":["M790.857 529.714l-758.857 421.714c-17.714 9.714-32 1.143-32-18.857v-841.143c0-20 14.286-28.571 32-18.857l758.857 421.714c17.714 9.714 17.714 25.714 0 35.429z"],"width":808.5942857142857,"attrs":[],"isMulticolor":false,"isMulticolor2":false,"tags":["play"],"defaultCode":61515,"grid":14},"attrs":[],"properties":{"name":"play","id":3,"order":27,"prevSize":28,"code":61515},"setIdx":0,"setId":8,"iconIdx":5},{"icon":{"paths":["M438.857 73.143c242.286 0 438.857 196.571 438.857 438.857s-196.571 438.857-438.857 438.857-438.857-196.571-438.857-438.857 196.571-438.857 438.857-438.857zM658.286 543.429c11.429-6.286 18.286-18.286 18.286-31.429s-6.857-25.143-18.286-31.429l-310.857-182.857c-10.857-6.857-25.143-6.857-36.571-0.571-11.429 6.857-18.286 18.857-18.286 32v365.714c0 13.143 6.857 25.143 18.286 32 5.714 2.857 12 4.571 18.286 4.571s12.571-1.714 18.286-5.143z"],"width":877.7142857142857,"attrs":[],"isMulticolor":false,"isMulticolor2":false,"tags":["play-circle"],"defaultCode":61764,"grid":14},"attrs":[],"properties":{"name":"play-circle","id":4,"order":28,"prevSize":28,"code":61764},"setIdx":0,"setId":8,"iconIdx":6},{"icon":{"paths":["M676.571 512c0 13.143-6.857 25.143-18.286 31.429l-310.857 182.857c-5.714 3.429-12 5.143-18.286 5.143s-12.571-1.714-18.286-4.571c-11.429-6.857-18.286-18.857-18.286-32v-365.714c0-13.143 6.857-25.143 18.286-32 11.429-6.286 25.714-6.286 36.571 0.571l310.857 182.857c11.429 6.286 18.286 18.286 18.286 31.429zM749.714 512c0-171.429-139.429-310.857-310.857-310.857s-310.857 139.429-310.857 310.857 139.429 310.857 310.857 310.857 310.857-139.429 310.857-310.857zM877.714 512c0 242.286-196.571 438.857-438.857 438.857s-438.857-196.571-438.857-438.857 196.571-438.857 438.857-438.857 438.857 196.571 438.857 438.857z"],"width":877.7142857142857,"attrs":[],"isMulticolor":false,"isMulticolor2":false,"tags":["play-circle-o"],"defaultCode":61469,"grid":14},"attrs":[],"properties":{"name":"play-circle-o","id":2,"order":29,"prevSize":28,"code":61469},"setIdx":0,"setId":8,"iconIdx":7}],"height":1024,"metadata":{"name":"tnvo-icons"},"preferences":{"showGlyphs":true,"showQuickUse":true,"showQuickUse2":true,"showSVGs":true,"fontPref":{"prefix":"icon-","metadata":{"fontFamily":"tnvo-icons","majorVersion":1,"minorVersion":0},"metrics":{"emSize":1024,"baseline":6.25,"whitespace":50},"embed":false,"noie8":true,"ie7":false,"showSelector":false,"showMetrics":false,"showMetadata":false,"includeMetadata":true,"showVersion":false},"imagePref":{"prefix":"icon-","png":true,"useClassSelector":true,"color":0,"bgColor":16777215,"classSelector":".icon"},"historySize":50,"showCodes":true,"gridSize":16,"showGrid":true}}